{
  "component": "odometry",
  "metrics": {
    "mean": 0.00457114600086765,
    "std": 0.7469574979587555,
    "rmse": 0.7469341367096498,
    "p50": 0.005573647742120513,
    "p90": 0.9533375929965167,
    "p95": 1.240029506142515,
    "p99": 1.7773445015361309
  },
  "timestamp_utc": "2025-10-09T12:45:45.014492+00:00",
  "config": "C:\\Repos\\ErrorPropagation_Localisation\\config\\scenario_bad_weather.yml"
}