{
  "component": "fused",
  "metrics": {
    "mean": 0.1368435156173434,
    "std": 0.7434005405439572,
    "rmse": 0.7558539852452945,
    "p50": 0.14341623149815502,
    "p90": 1.0945927411052414,
    "p95": 1.3748396229797688,
    "p99": 1.903386293532765,
    "secure_interval_p99_additive": 2.285279147025169,
    "secure_interval_p99_joint": 1.9848806127547953,
    "secure_interval_additive_bias_pct": 15.13433766948098,
    "rmse_lateral": 0.037149282662954544,
    "p95_lateral": 0.06352008898402618,
    "rmse_2d": 0.756766355101471,
    "p95_2d": 1.4993279882089832,
    "rmse_ci95_lower": 0.7459576866546096,
    "rmse_ci95_upper": 0.7652071330961193,
    "fusion_mode": "rule_based"
  },
  "timestamp_utc": "2025-10-09T12:45:45.014492+00:00",
  "config": "C:\\Repos\\ErrorPropagation_Localisation\\config\\scenario_bad_weather.yml"
}