{
  "component": "imu",
  "metrics": {
    "mean": 0.0033876959612111394,
    "std": 0.3003659867661659,
    "rmse": 0.3003700726060064,
    "p50": 0.004472429544498689,
    "p90": 0.38419962968021987,
    "p95": 0.48869180843131194,
    "p99": 0.6952913326512032
  },
  "timestamp_utc": "2025-10-09T12:45:45.014492+00:00",
  "config": "C:\\Repos\\ErrorPropagation_Localisation\\config\\scenario_bad_weather.yml"
}