{
  "component": "secure",
  "metrics": {
    "mean": 0.14006253147144898,
    "std": 0.7505264018097056,
    "rmse": 0.7634468308583336,
    "p50": 0.14542340477962468,
    "p90": 1.0996048950111177,
    "p95": 1.3904852987163203,
    "p99": 1.9352327049562577
  },
  "timestamp_utc": "2025-10-09T12:45:45.014492+00:00",
  "config": "C:\\Repos\\ErrorPropagation_Localisation\\config\\scenario_bad_weather.yml"
}