{
  "component": "gnss_open",
  "metrics": {
    "mean": 0.005609050498404878,
    "std": 0.4938507033114756,
    "rmse": 0.49385786392140874,
    "p50": 0.007573697790112384,
    "p90": 0.6409329302427769,
    "p95": 0.8273052901057307,
    "p99": 1.138774530844458
  },
  "timestamp_utc": "2025-10-09T12:45:45.014492+00:00",
  "config": "C:\\Repos\\ErrorPropagation_Localisation\\config\\scenario_bad_weather.yml"
}