{
  "component": "map",
  "metrics": {
    "mean": 0.012373056347549741,
    "std": 0.027763642788811948,
    "rmse": 0.030394659108111413,
    "p50": 0.009958665978395842,
    "p90": 0.05019411378600913,
    "p95": 0.062402836864417964,
    "p99": 0.08343118866217399
  },
  "timestamp_utc": "2025-10-09T12:45:45.014492+00:00",
  "config": "C:\\Repos\\ErrorPropagation_Localisation\\config\\scenario_bad_weather.yml"
}