{
  "component": "gnss_urban",
  "metrics": {
    "mean": 0.09554071966516103,
    "std": 1.2056665647597893,
    "rmse": 1.209386014185409,
    "p50": 0.08744270985787606,
    "p90": 1.6105440254186185,
    "p95": 2.0513381233924415,
    "p99": 2.9522766680213732
  },
  "timestamp_utc": "2025-10-09T12:45:45.014492+00:00",
  "config": "C:\\Repos\\ErrorPropagation_Localisation\\config\\scenario_bad_weather.yml"
}