{
  "component": "odometry",
  "metrics": {
    "mean": 0.0042720190704836755,
    "std": 0.7493405944960655,
    "rmse": 0.7493153045107243,
    "p50": 0.005754789398654947,
    "p90": 0.9544569216729938,
    "p95": 1.236393686176661,
    "p99": 1.7753331446533627
  },
  "timestamp_utc": "2025-10-09T12:47:29.575438+00:00",
  "config": "C:\\Repos\\ErrorPropagation_Localisation\\config\\scenario_odo_5cm.yml"
}