{
  "component": "secure",
  "metrics": {
    "mean": 0.11771401832592157,
    "std": 0.751846125974957,
    "rmse": 0.7609682384924301,
    "p50": 0.1179681443841728,
    "p90": 1.0710792773116788,
    "p95": 1.3654608351060864,
    "p99": 1.9067988892102758
  },
  "timestamp_utc": "2025-10-09T12:47:29.575438+00:00",
  "config": "C:\\Repos\\ErrorPropagation_Localisation\\config\\scenario_odo_5cm.yml"
}