component,rmse_m,p95_m,color_hex
balise,0.12105465728269887,0.20680431289222054,#1b9e77
map,0.024728816886680074,0.049804878499622264,#7570b3
odometry,0.7468575463388614,1.2404640292035223,#d95f02
imu,0.25030839383833864,0.40724317369276,#e7298a
gnss_open,0.0,0.0,#66a61e
secure,0.7586323629294033,1.360376085115365,#1f78b4
unsafe,0.25030839383833864,0.40724317369276,#e31a1c
fused,0.25030839383833864,0.40724317369276,#6a3d9a
gnss_urban,0.0,0.0,#000000
gnss_tunnel,0.0,0.0,#000000
