{
  "component": "secure",
  "metrics": {
    "mean": 0.11802964263461745,
    "std": 0.7494319384483363,
    "rmse": 0.7586323629294033,
    "p50": 0.12183718695446644,
    "p90": 1.0729553268358183,
    "p95": 1.360376085115365,
    "p99": 1.9156577154772723
  },
  "timestamp_utc": "2025-10-09T13:20:57.118007+00:00",
  "config": "C:\\Repos\\ErrorPropagation_Localisation\\config\\scenario_no_gnss.yml"
}