{
  "component": "imu",
  "metrics": {
    "mean": 0.0028230799676759494,
    "std": 0.2503049889718049,
    "rmse": 0.25030839383833864,
    "p50": 0.0037270246204155746,
    "p90": 0.3201663580668499,
    "p95": 0.40724317369276,
    "p99": 0.5794094438760027
  },
  "timestamp_utc": "2025-10-09T13:20:57.118007+00:00",
  "config": "C:\\Repos\\ErrorPropagation_Localisation\\config\\scenario_no_gnss.yml"
}