{
  "component": "balise",
  "metrics": {
    "mean": 0.10562997273286269,
    "std": 0.059134495847570065,
    "rmse": 0.12105465728269887,
    "p50": 0.10355137951398541,
    "p90": 0.18583792900196974,
    "p95": 0.20680431289222054,
    "p99": 0.24376941009586922
  },
  "timestamp_utc": "2025-10-09T13:20:43.813801+00:00",
  "config": "C:\\Repos\\ErrorPropagation_Localisation\\config\\scenario_regular.yml"
}