{
  "component": "fused",
  "metrics": {
    "mean": 0.0032344530821702294,
    "std": 0.462319563548588,
    "rmse": 0.4623077617654863,
    "p50": 0.0006235862510193951,
    "p90": 0.606650235699318,
    "p95": 0.7636561913216134,
    "p99": 1.0534698010603005,
    "secure_interval_p99_additive": 2.2245469594257608,
    "secure_interval_p99_joint": 1.9702335613413684,
    "secure_interval_additive_bias_pct": 12.907779213305638,
    "rmse_lateral": 0.035817220002950234,
    "p95_lateral": 0.059085809768887436,
    "rmse_2d": 0.4636931526746469,
    "p95_2d": 0.8967740046777841,
    "rmse_ci95_lower": 0.45599391462609434,
    "rmse_ci95_upper": 0.4689901102376857,
    "fusion_mode": "rule_based"
  },
  "timestamp_utc": "2025-10-09T13:20:43.813801+00:00",
  "config": "C:\\Repos\\ErrorPropagation_Localisation\\config\\scenario_regular.yml"
}