{
  "component": "fused",
  "metrics": {
    "mean": 0.0332771650562231,
    "std": 0.39045493276474663,
    "rmse": 0.3917731444436202,
    "p50": 0.03303375014841332,
    "p90": 0.5270565907878652,
    "p95": 0.6880757414939132,
    "p99": 0.9327002466048089,
    "rmse_lateral": 0.03576659028152746,
    "p95_lateral": 0.05954349440029863,
    "rmse_2d": 0.3934023966470062,
    "p95_2d": 0.7672841093336611,
    "rmse_ci95_lower": 0.38023977993041597,
    "rmse_ci95_upper": 0.40374819541378437
  },
  "timestamp_utc": "2025-10-06T21:11:20.672073+00:00",
  "config": "C:\\Repos\\ErrorPropagation_Localisation\\config\\model.yml"
}