{
  "component": "gnss_urban",
  "metrics": {
    "mean": 0.07416135413988167,
    "std": 0.9497927508772802,
    "rmse": 0.9524469134456169,
    "p50": 0.061047784642055056,
    "p90": 1.328244524384329,
    "p95": 1.6633761955186788,
    "p99": 2.332778722032083
  },
  "timestamp_utc": "2025-10-06T20:50:00.930326+00:00",
  "config": "C:\\Repos\\ErrorPropagation_Localisation\\config\\model.yml"
}