{
  "component": "map",
  "metrics": {
    "mean": 0.008951420926463475,
    "std": 0.02356594300831737,
    "rmse": 0.025201416045414517,
    "p50": 0.008117984436814097,
    "p90": 0.03990932779376087,
    "p95": 0.049185786971457285,
    "p99": 0.0691444306750522
  },
  "timestamp_utc": "2025-10-06T18:24:03.748730Z",
  "config": "C:\\Repos\\ErrorPropagation_Localisation\\config\\model.yml"
}