{
  "component": "unsafe",
  "metrics": {
    "mean": -0.004509195250625226,
    "std": 0.45827281230213757,
    "rmse": 0.45827208287224847,
    "p50": -0.002875869024223078,
    "p90": 0.5844989810121506,
    "p95": 0.753681364781456,
    "p99": 1.0725293164498322
  },
  "timestamp_utc": "2025-10-06T18:05:11.199891Z",
  "config": "C:\\Repos\\ErrorPropagation_Localisation\\config\\model.yml"
}