{
  "component": "gnss_open",
  "metrics": {
    "mean": 0.005494925547938119,
    "std": 0.3951728202576035,
    "rmse": 0.39507928871541553,
    "p50": 0.006053222491479122,
    "p90": 0.49484056991440983,
    "p95": 0.6608744660874746,
    "p99": 0.9221615728718288
  },
  "timestamp_utc": "2025-10-06T18:24:03.748730Z",
  "config": "C:\\Repos\\ErrorPropagation_Localisation\\config\\model.yml"
}