{
  "component": "odometry",
  "metrics": {
    "mean": 0.004629282010992254,
    "std": 0.7454934274833175,
    "rmse": 0.7454705256599482,
    "p50": 0.013945589287220311,
    "p90": 0.9562928065101314,
    "p95": 1.2300885102113674,
    "p99": 1.7529945111585672
  },
  "timestamp_utc": "2025-10-06T18:05:11.199891Z",
  "config": "C:\\Repos\\ErrorPropagation_Localisation\\config\\model.yml"
}