{
  "component": "unsafe",
  "metrics": {
    "mean": 0.0001656385938216669,
    "std": 0.4630148714658372,
    "rmse": 0.4628605370813155,
    "p50": 0.012008293881588913,
    "p90": 0.5889108388613538,
    "p95": 0.781973312604362,
    "p99": 1.132087964084485
  },
  "timestamp_utc": "2025-10-06T18:24:03.748730Z",
  "config": "C:\\Repos\\ErrorPropagation_Localisation\\config\\model.yml"
}