{
  "component": "gnss_open",
  "metrics": {
    "mean": 0.00440586657242908,
    "std": 0.3856036502264966,
    "rmse": 0.38553241321673376,
    "p50": 0.012287136820474324,
    "p90": 0.49822664295573504,
    "p95": 0.6340142189414781,
    "p99": 0.8753569461897848
  },
  "timestamp_utc": "2025-10-06T20:50:00.930326+00:00",
  "config": "C:\\Repos\\ErrorPropagation_Localisation\\config\\model.yml"
}