component,mean,std,rmse,p50,p90,p95,p99,rmse_ci95_lower,rmse_ci95_upper
balise,0.1033227372783381,0.05803055506574833,0.11849425441646176,0.09879305134904484,0.18338338722368427,0.20160230019501807,0.2433401205625358,,
map,0.008951420926463475,0.02356594300831737,0.025201416045414517,0.008117984436814097,0.03990932779376087,0.049185786971457285,0.0691444306750522,,
odometry,0.02850553728724527,0.7511276936471494,0.7514181587360517,0.054097555499680344,0.974218191824778,1.2751007255512017,1.867748923321042,,
imu,-0.0053292869541164516,0.2552474638991925,0.2552180145441493,-0.003710582189538291,0.33401625956079256,0.40828023845722666,0.5623201834893997,,
gnss_open,0.005494925547938119,0.3951728202576035,0.39507928871541553,0.006053222491479122,0.49484056991440983,0.6608744660874746,0.9221615728718288,,
secure,0.14077969549204686,0.7518020369582531,0.7646230582682962,0.1696954077695646,1.0996994269317282,1.3766398057617626,1.978083464996163,,
unsafe,0.0001656385938216669,0.4630148714658372,0.4628605370813155,0.012008293881588913,0.5889108388613538,0.781973312604362,1.132087964084485,,
fused,0.038833742334265696,0.38769777301193364,0.3895091993350495,0.02918182411306825,0.5393623869920596,0.6944122692372284,0.9207078084023426,0.3763079302985009,0.40317766522310694
