{
  "component": "secure",
  "metrics": {
    "mean": 0.11762424936336302,
    "std": 0.7477280762672505,
    "rmse": 0.7568862730615571,
    "p50": 0.12272362225580083,
    "p90": 1.0746848363688022,
    "p95": 1.340798783727733,
    "p99": 1.8812383728767952
  },
  "timestamp_utc": "2025-10-06T18:05:11.199891Z",
  "config": "C:\\Repos\\ErrorPropagation_Localisation\\config\\model.yml"
}