{
  "component": "secure",
  "metrics": {
    "mean": 0.14136896781276112,
    "std": 0.7718069153296763,
    "rmse": 0.7844573007206194,
    "p50": 0.13856173047935663,
    "p90": 1.1244391187211284,
    "p95": 1.435950158551828,
    "p99": 1.9695082269349926
  },
  "timestamp_utc": "2025-10-06T21:11:20.672073+00:00",
  "config": "C:\\Repos\\ErrorPropagation_Localisation\\config\\model.yml"
}