{
  "component": "fused",
  "metrics": {
    "mean": 0.038833742334265696,
    "std": 0.38769777301193364,
    "rmse": 0.3895091993350495,
    "p50": 0.02918182411306825,
    "p90": 0.5393623869920596,
    "p95": 0.6944122692372284,
    "p99": 0.9207078084023426,
    "rmse_ci95_lower": 0.3763079302985009,
    "rmse_ci95_upper": 0.40317766522310694
  },
  "timestamp_utc": "2025-10-06T18:24:03.748730Z",
  "config": "C:\\Repos\\ErrorPropagation_Localisation\\config\\model.yml"
}