{
  "component": "secure",
  "metrics": {
    "mean": 0.11798975904389958,
    "std": 0.7495786866979182,
    "rmse": 0.7587711143488912,
    "p50": 0.12248668429024379,
    "p90": 1.073238205075883,
    "p95": 1.359637106205112,
    "p99": 1.9138570647771542
  },
  "timestamp_utc": "2025-10-06T22:50:50.185318+00:00",
  "config": "C:\\Repos\\ErrorPropagation_Localisation\\config\\model.yml"
}