{
  "component": "secure",
  "metrics": {
    "mean": 0.14077969549204686,
    "std": 0.7518020369582531,
    "rmse": 0.7646230582682962,
    "p50": 0.1696954077695646,
    "p90": 1.0996994269317282,
    "p95": 1.3766398057617626,
    "p99": 1.978083464996163
  },
  "timestamp_utc": "2025-10-06T18:24:03.748730Z",
  "config": "C:\\Repos\\ErrorPropagation_Localisation\\config\\model.yml"
}