{
  "component": "fused",
  "metrics": {
    "mean": 0.0332771650562231,
    "std": 0.39045493276474663,
    "rmse": 0.3917731444436202,
    "p50": 0.03303375014841332,
    "p90": 0.5270565907878652,
    "p95": 0.6880757414939132,
    "p99": 0.9327002466048089,
    "rmse_2d": 0.4368655313008143,
    "p95_2d": 0.8332274155974513,
    "rmse_ci95_lower": 0.38088448814382964,
    "rmse_ci95_upper": 0.4029359728730612
  },
  "timestamp_utc": "2025-10-06T20:50:00.930326+00:00",
  "config": "C:\\Repos\\ErrorPropagation_Localisation\\config\\model.yml"
}