{
  "component": "gnss_open",
  "metrics": {
    "mean": -0.002355013363678064,
    "std": 0.3872068841920945,
    "rmse": 0.3871946853155097,
    "p50": 0.0011824050024002025,
    "p90": 0.49324152328978116,
    "p95": 0.6347798438367864,
    "p99": 0.8979659545514319
  },
  "timestamp_utc": "2025-10-06T18:05:11.199891Z",
  "config": "C:\\Repos\\ErrorPropagation_Localisation\\config\\model.yml"
}