{
  "component": "imu",
  "metrics": {
    "mean": -0.0021541818869471605,
    "std": 0.24976094588423808,
    "rmse": 0.24975774769880998,
    "p50": -0.00024777822989520746,
    "p90": 0.31515547631635715,
    "p95": 0.4121266589797729,
    "p99": 0.5704845657840625
  },
  "timestamp_utc": "2025-10-06T18:05:11.199891Z",
  "config": "C:\\Repos\\ErrorPropagation_Localisation\\config\\model.yml"
}