component,mean,std,rmse,p50,p90,p95,p99,rmse_ci95_lower,rmse_ci95_upper
balise,0.10562997273286269,0.059134495847570065,0.12105465728269887,0.10355137951398541,0.18583792900196974,0.20680431289222054,0.24376941009586922,,
map,0.007364994619508051,0.023689606803017703,0.02480694452124076,0.005882837605256234,0.03888479101361835,0.04887163944928001,0.0693557642225087,,
odometry,0.004629282010992254,0.7454934274833175,0.7454705256599482,0.013945589287220311,0.9562928065101314,1.2300885102113674,1.7529945111585672,,
imu,-0.0021541818869471605,0.24976094588423808,0.24975774769880998,-0.00024777822989520746,0.31515547631635715,0.4121266589797729,0.5704845657840625,,
gnss_open,-0.002355013363678064,0.3872068841920945,0.3871946853155097,0.0011824050024002025,0.49324152328978116,0.6347798438367864,0.8979659545514319,,
secure,0.11762424936336302,0.7477280762672505,0.7568862730615571,0.12272362225580083,1.0746848363688022,1.340798783727733,1.8812383728767952,,
unsafe,-0.004509195250625226,0.45827281230213757,0.45827208287224847,-0.002875869024223078,0.5844989810121506,0.753681364781456,1.0725293164498322,,
fused,0.028840635153305892,0.3933093394687605,0.39434572335166446,0.028535032028273774,0.5313951315546693,0.6706052514331211,0.9608617378499802,0.3885598391554684,0.3994947219462846
