{
  "component": "gnss_urban",
  "metrics": {
    "mean": 0.045240957634581705,
    "std": 0.944447079200898,
    "rmse": 0.9452941550205923,
    "p50": 0.057816714995558446,
    "p90": 1.2631926533936582,
    "p95": 1.6020547980655713,
    "p99": 2.2992249100456146
  },
  "timestamp_utc": "2025-10-06T21:11:20.672073+00:00",
  "config": "C:\\Repos\\ErrorPropagation_Localisation\\config\\model.yml"
}