{
  "component": "imu",
  "metrics": {
    "mean": -0.0053292869541164516,
    "std": 0.2552474638991925,
    "rmse": 0.2552180145441493,
    "p50": -0.003710582189538291,
    "p90": 0.33401625956079256,
    "p95": 0.40828023845722666,
    "p99": 0.5623201834893997
  },
  "timestamp_utc": "2025-10-06T18:24:03.748730Z",
  "config": "C:\\Repos\\ErrorPropagation_Localisation\\config\\model.yml"
}