{
  "component": "odometry",
  "metrics": {
    "mean": 0.030745442387903263,
    "std": 0.7671977160312871,
    "rmse": 0.7676218610380435,
    "p50": 0.02607040771126365,
    "p90": 1.0133860604800775,
    "p95": 1.3168155176299985,
    "p99": 1.8646358018947349
  },
  "timestamp_utc": "2025-10-06T21:11:20.672073+00:00",
  "config": "C:\\Repos\\ErrorPropagation_Localisation\\config\\model.yml"
}