{
  "component": "gnss_open",
  "metrics": {
    "mean": 0.004720585570626833,
    "std": 0.38606937625397264,
    "rmse": 0.386078932671718,
    "p50": 0.005419893091180936,
    "p90": 0.499430433940597,
    "p95": 0.6450270118718823,
    "p99": 0.8938713893155165
  },
  "timestamp_utc": "2025-10-06T22:50:50.185318+00:00",
  "config": "C:\\Repos\\ErrorPropagation_Localisation\\config\\model.yml"
}