{
  "component": "map",
  "metrics": {
    "mean": 0.007364994619508051,
    "std": 0.023689606803017703,
    "rmse": 0.02480694452124076,
    "p50": 0.005882837605256234,
    "p90": 0.03888479101361835,
    "p95": 0.04887163944928001,
    "p99": 0.0693557642225087
  },
  "timestamp_utc": "2025-10-06T18:05:11.199891Z",
  "config": "C:\\Repos\\ErrorPropagation_Localisation\\config\\model.yml"
}