{
  "component": "unsafe",
  "metrics": {
    "mean": -0.004692671758698655,
    "std": 0.45743738022571223,
    "rmse": 0.4573470821133374,
    "p50": -0.01270109060942385,
    "p90": 0.5744401212715631,
    "p95": 0.7589768555217647,
    "p99": 1.0879169290934683
  },
  "timestamp_utc": "2025-10-06T20:50:00.930326+00:00",
  "config": "C:\\Repos\\ErrorPropagation_Localisation\\config\\model.yml"
}