{
  "component": "balise",
  "metrics": {
    "mean": 0.1033227372783381,
    "std": 0.05803055506574833,
    "rmse": 0.11849425441646176,
    "p50": 0.09879305134904484,
    "p90": 0.18338338722368427,
    "p95": 0.20160230019501807,
    "p99": 0.2433401205625358
  },
  "timestamp_utc": "2025-10-06T18:24:03.748730Z",
  "config": "C:\\Repos\\ErrorPropagation_Localisation\\config\\model.yml"
}