{
  "component": "fused",
  "metrics": {
    "mean": 0.028840635153305892,
    "std": 0.3933093394687605,
    "rmse": 0.39434572335166446,
    "p50": 0.028535032028273774,
    "p90": 0.5313951315546693,
    "p95": 0.6706052514331211,
    "p99": 0.9608617378499802,
    "rmse_ci95_lower": 0.3885598391554684,
    "rmse_ci95_upper": 0.3994947219462846
  },
  "timestamp_utc": "2025-10-06T18:05:11.199891Z",
  "config": "C:\\Repos\\ErrorPropagation_Localisation\\config\\model.yml"
}