{
  "component": "map",
  "metrics": {
    "mean": 0.007292747760090136,
    "std": 0.02359509696809057,
    "rmse": 0.024690775737619703,
    "p50": 0.0051662720336606615,
    "p90": 0.038769323964764235,
    "p95": 0.04970038937781629,
    "p99": 0.07005439011436661
  },
  "timestamp_utc": "2025-10-06T21:11:20.672073+00:00",
  "config": "C:\\Repos\\ErrorPropagation_Localisation\\config\\model.yml"
}