{
  "component": "imu",
  "metrics": {
    "mean": -0.0019318409810636509,
    "std": 0.24243861418975277,
    "rmse": 0.24238569557422066,
    "p50": 0.0028196229922246826,
    "p90": 0.3079796242196318,
    "p95": 0.393432148916938,
    "p99": 0.5495630969402628
  },
  "timestamp_utc": "2025-10-06T20:50:00.930326+00:00",
  "config": "C:\\Repos\\ErrorPropagation_Localisation\\config\\model.yml"
}