{
  "component": "odometry",
  "metrics": {
    "mean": 0.004547759788461672,
    "std": 0.7470327090214526,
    "rmse": 0.7470091998631536,
    "p50": 0.005236049266345703,
    "p90": 0.9531116436293322,
    "p95": 1.2388572026938058,
    "p99": 1.7804812102068854
  },
  "timestamp_utc": "2025-10-06T22:50:50.185318+00:00",
  "config": "C:\\Repos\\ErrorPropagation_Localisation\\config\\model.yml"
}