{
  "component": "gnss_open",
  "metrics": {
    "mean": 0.010151652981138024,
    "std": 0.38436048240551807,
    "rmse": 0.38439845213402524,
    "p50": 0.00201225169121403,
    "p90": 0.5196400360542014,
    "p95": 0.6701194384738461,
    "p99": 0.8735419903232353
  },
  "timestamp_utc": "2025-10-06T21:11:20.672073+00:00",
  "config": "C:\\Repos\\ErrorPropagation_Localisation\\config\\model.yml"
}