{
  "component": "balise",
  "metrics": {
    "mean": 0.10333077766476773,
    "std": 0.059406644317806095,
    "rmse": 0.11918319691640022,
    "p50": 0.1021234260235803,
    "p90": 0.1825835506492163,
    "p95": 0.20517596233614577,
    "p99": 0.2406445616566438
  },
  "timestamp_utc": "2025-10-06T21:11:20.672073+00:00",
  "config": "C:\\Repos\\ErrorPropagation_Localisation\\config\\model.yml"
}