{
  "component": "fused",
  "metrics": {
    "mean": 0.034494485538773,
    "std": 0.3956691300115251,
    "rmse": 0.39715019145232366,
    "p50": 0.033724986277351515,
    "p90": 0.5353728729830127,
    "p95": 0.683152786319096,
    "p99": 0.9531903158429141,
    "rmse_lateral": 0.0358011973427464,
    "p95_lateral": 0.05898964500494052,
    "rmse_2d": 0.39876058017536237,
    "p95_2d": 0.7822478569990947,
    "rmse_ci95_lower": 0.3915669876951237,
    "rmse_ci95_upper": 0.40278027096650454
  },
  "timestamp_utc": "2025-10-06T22:50:50.185318+00:00",
  "config": "C:\\Repos\\ErrorPropagation_Localisation\\config\\model.yml"
}