{
  "component": "odometry",
  "metrics": {
    "mean": 0.02850553728724527,
    "std": 0.7511276936471494,
    "rmse": 0.7514181587360517,
    "p50": 0.054097555499680344,
    "p90": 0.974218191824778,
    "p95": 1.2751007255512017,
    "p99": 1.867748923321042
  },
  "timestamp_utc": "2025-10-06T18:24:03.748730Z",
  "config": "C:\\Repos\\ErrorPropagation_Localisation\\config\\model.yml"
}