{
  "component": "unsafe",
  "metrics": {
    "mean": 0.0032344530821702294,
    "std": 0.462319563548588,
    "rmse": 0.4623077617654863,
    "p50": 0.0006235862510193951,
    "p90": 0.606650235699318,
    "p95": 0.7636561913216134,
    "p99": 1.0534698010603005
  },
  "timestamp_utc": "2025-10-09T12:50:03.587134+00:00",
  "config": "C:\\Repos\\ErrorPropagation_Localisation\\config\\scenario_regular.yml"
}