{
  "component": "fused",
  "metrics": {
    "mean": 0.0047003358957037325,
    "std": 0.5784997725012685,
    "rmse": 0.5784899426462602,
    "p50": 0.0016260096587899717,
    "p90": 0.755099565278749,
    "p95": 0.9568493078188368,
    "p99": 1.323295010442067,
    "secure_interval_p99_additive": 2.285279147025169,
    "secure_interval_p99_joint": 1.9848806127547953,
    "secure_interval_additive_bias_pct": 15.13433766948098,
    "rmse_lateral": 0.03716741610144815,
    "p95_lateral": 0.06344105929373027,
    "rmse_2d": 0.5796826981742095,
    "p95_2d": 1.1274770290653802,
    "rmse_ci95_lower": 0.5699877175331184,
    "rmse_ci95_upper": 0.5869573654115708,
    "fusion_mode": "rule_based"
  },
  "timestamp_utc": "2025-10-09T13:21:09.695015+00:00",
  "config": "C:\\Repos\\ErrorPropagation_Localisation\\config\\scenario_bad_weather.yml"
}