{
  "component": "gnss_urban",
  "metrics": {
    "mean": 0.08840296081505444,
    "std": 1.1648453232409341,
    "rmse": 1.1681369885824338,
    "p50": 0.0,
    "p90": 1.6009095062565224,
    "p95": 2.0602347215490178,
    "p99": 2.8649508879813155
  },
  "timestamp_utc": "2025-10-09T13:21:09.695015+00:00",
  "config": "C:\\Repos\\ErrorPropagation_Localisation\\config\\scenario_bad_weather.yml"
}