{
  "component": "balise",
  "metrics": {
    "mean": 0.1231183291230316,
    "std": 0.06985889461547343,
    "rmse": 0.14155528989206748,
    "p50": 0.12008756223833351,
    "p90": 0.2170100672246589,
    "p95": 0.24286578601895106,
    "p99": 0.291656015441458
  },
  "timestamp_utc": "2025-10-09T13:21:09.695015+00:00",
  "config": "C:\\Repos\\ErrorPropagation_Localisation\\config\\scenario_bad_weather.yml"
}