{
  "component": "unsafe",
  "metrics": {
    "mean": 0.0022534332803768164,
    "std": 0.4657907796284007,
    "rmse": 0.46577294065171254,
    "p50": -1.5077531171678316e-05,
    "p90": 0.6096448134146892,
    "p95": 0.7649939511500276,
    "p99": 1.0536601108272075
  },
  "timestamp_utc": "2025-10-09T12:43:16.565363+00:00",
  "config": "C:\\Repos\\ErrorPropagation_Localisation\\config\\scenario_regular.yml"
}