{
  "component": "fused",
  "metrics": {
    "mean": 0.11455057870361765,
    "std": 0.741155134957956,
    "rmse": 0.7499185542860453,
    "p50": 0.12059610907931242,
    "p90": 1.067908746035999,
    "p95": 1.3477337700886869,
    "p99": 1.8660417907453204,
    "secure_interval_p99_additive": 2.2245469594257608,
    "secure_interval_p99_joint": 1.9702335613413684,
    "secure_interval_additive_bias_pct": 12.907779213305638,
    "rmse_lateral": 0.0358011973427464,
    "p95_lateral": 0.05898964500494052,
    "rmse_2d": 0.7507726445427048,
    "p95_2d": 1.4899617526164455,
    "rmse_ci95_lower": 0.7402612336172945,
    "rmse_ci95_upper": 0.7595021703815742,
    "fusion_mode": "rule_based"
  },
  "timestamp_utc": "2025-10-09T12:43:16.565363+00:00",
  "config": "C:\\Repos\\ErrorPropagation_Localisation\\config\\scenario_regular.yml"
}