{
  "component": "map",
  "metrics": {
    "mean": 0.007812026522575225,
    "std": 0.023463624621817794,
    "rmse": 0.024728816886680074,
    "p50": 0.006110624828119109,
    "p90": 0.038669720283514,
    "p95": 0.049804878499622264,
    "p99": 0.06927324733437461
  },
  "timestamp_utc": "2025-10-09T12:43:16.565363+00:00",
  "config": "C:\\Repos\\ErrorPropagation_Localisation\\config\\scenario_regular.yml"
}